customerID,gender,SeniorCitizen,tenure,PhoneService,InternetService,MonthlyCharges,TotalCharges,Churn
CUST00001,Female,0,39,No,Fiber optic,33.01,969.93,No
CUST00002,Female,1,10,Yes,No,106.56,1043.19,Yes
CUST00003,Male,0,1,Yes,No,90.7,91.19,No
CUST00004,Female,0,1,No,No,96.79,105.15,Yes
CUST00005,Female,1,4,No,Fiber optic,105.73,389.74,No
CUST00006,Male,0,4,Yes,Fiber optic,83.8,360.8,Yes
CUST00007,Male,0,4,No,Fiber optic,83.65,322.55,Yes
CUST00008,Male,0,39,Yes,DSL,53.5,2446.96,No
CUST00009,Female,0,64,No,Fiber optic,88.18,5459.46,Yes
CUST00010,Male,0,0,No,DSL,85.9,,Yes
CUST00011,Female,0,20,Yes,Fiber optic,70.91,1464.71,No
CUST00012,Female,0,9,Yes,No,98.28,952.25,No
CUST00013,Male,0,11,Yes,No,94.3,1038.37,Yes
CUST00014,Female,0,0,No,Fiber optic,67.61,,No
CUST00015,Male,0,25,No,DSL,26.93,676.65,No
CUST00016,Female,1,63,No,DSL,53.74,3945.89,Yes
CUST00017,Male,0,46,Yes,DSL,76.02,3193.93,No
CUST00018,Male,0,12,Yes,No,65.59,753.83,No
CUST00019,Female,0,17,No,No,68.31,1252.5,No
CUST00020,Male,0,51,Yes,No,64.73,2894.52,No
CUST00021,Female,0,7,No,DSL,62.75,,No
CUST00022,Female,0,3,No,DSL,86.02,230.96,Yes
CUST00023,Female,0,4,Yes,No,64.2,282.42,No
CUST00024,Female,1,63,No,DSL,85.42,4837.3,No
CUST00025,Male,0,0,No,Fiber optic,83.12,,Yes
CUST00026,Female,0,8,Yes,Fiber optic,92.29,658.9,No
CUST00027,Female,0,12,Yes,Fiber optic,28.25,,No
CUST00028,Female,1,9,No,DSL,81.47,766.18,Yes
CUST00029,Male,0,44,No,No,93.54,3877.25,No
CUST00030,Female,0,58,No,DSL,92.28,5096.21,No
CUST00031,Male,1,29,Yes,Fiber optic,95.23,2567.73,No
CUST00032,Female,0,48,Yes,Fiber optic,33.1,1950.3,No
CUST00033,Male,0,4,No,DSL,98.14,418.11,No
CUST00034,Male,0,32,No,Fiber optic,92.3,3102.72,No
CUST00035,Male,0,25,No,DSL,50.94,1420.37,No
CUST00036,Female,0,47,Yes,Fiber optic,77.59,3861.86,No
CUST00037,Female,0,15,Yes,DSL,37.61,575.95,No
CUST00038,Female,0,3,Yes,No,74.23,218.77,Yes
CUST00039,Male,0,9,Yes,DSL,102.48,913.84,Yes
CUST00040,Female,0,54,Yes,DSL,39.3,2113.43,No
CUST00041,Male,0,43,Yes,DSL,93.46,3984.85,No
CUST00042,Female,0,27,No,DSL,41.94,1128.53,No
CUST00043,Male,0,3,Yes,Fiber optic,107.79,333.87,Yes
CUST00044,Female,0,8,No,DSL,64.86,469.45,No
CUST00045,Female,1,1,Yes,Fiber optic,69.15,78.81,No
CUST00046,Male,0,15,No,DSL,57.6,836.63,No
CUST00047,Female,0,7,No,No,64.97,418.85,No
CUST00048,Male,1,31,Yes,DSL,90.49,2501.35,No
CUST00049,Male,0,72,Yes,Fiber optic,74.72,5315.85,No
CUST00050,Female,1,12,Yes,No,55.4,640.85,No
CUST00051,Female,1,13,No,Fiber optic,70.25,1026.79,No
CUST00052,Male,1,64,No,No,87.18,5165.1,Yes
CUST00053,Male,0,16,No,Fiber optic,50.55,886.42,Yes
CUST00054,Male,0,8,No,DSL,77.61,599.87,Yes
CUST00055,Female,0,57,No,DSL,61.38,3512.47,No
CUST00056,Male,0,36,Yes,Fiber optic,42.01,1630.57,Yes
CUST00057,Male,1,30,Yes,Fiber optic,22.53,889.07,Yes
CUST00058,Female,1,16,Yes,No,53.32,736.87,No
CUST00059,Female,0,10,No,DSL,85.2,786.23,No
CUST00060,Male,1,39,No,No,30.05,1400.56,No
CUST00061,Female,0,34,No,No,49.73,1498.83,No
CUST00062,Male,0,9,Yes,Fiber optic,100.86,,Yes
CUST00063,Male,0,9,No,Fiber optic,92.64,783.55,No
CUST00064,Female,0,11,No,Fiber optic,85.28,845.44,Yes
CUST00065,Female,0,36,No,No,65.95,2429.54,No
CUST00066,Male,0,7,No,No,98.87,755.96,Yes
CUST00067,Male,0,10,Yes,No,98.64,1002.7,No
CUST00068,Male,0,10,Yes,DSL,68.24,728.28,No
CUST00069,Male,1,6,Yes,DSL,73.15,445.36,Yes
CUST00070,Male,0,12,No,Fiber optic,49.11,,No
CUST00071,Female,0,64,No,Fiber optic,26.68,1655.87,Yes
CUST00072,Male,1,36,No,DSL,83.81,2765.47,Yes
CUST00073,Male,0,4,No,DSL,83.67,312.05,Yes
CUST00074,Male,0,39,Yes,DSL,96.37,3625.07,No
CUST00075,Male,0,7,Yes,Fiber optic,76.08,568.72,No
CUST00076,Female,0,0,Yes,Fiber optic,78.27,,No
CUST00077,Male,1,11,No,No,67.79,798.36,No
CUST00078,Female,0,40,No,No,33.38,1511.66,No
CUST00079,Female,0,35,No,DSL,26.2,583.66,No
CUST00080,Female,0,12,Yes,Fiber optic,41.64,439.54,Yes
CUST00081,Male,0,65,No,Fiber optic,20.92,1858.41,Yes
CUST00082,Female,0,20,Yes,Fiber optic,95.75,2071.46,Yes
CUST00083,Male,0,3,No,Fiber optic,86.17,229.11,Yes
CUST00084,Male,0,12,Yes,DSL,52.4,639.27,No
CUST00085,Male,0,7,Yes,No,88.21,579.18,No
CUST00086,Male,0,6,No,DSL,98.6,644.99,No
CUST00087,Female,0,72,No,Fiber optic,87.32,5791.21,No
CUST00088,Male,0,16,Yes,DSL,28.99,356.31,No
CUST00089,Male,0,41,No,Fiber optic,78.69,3564.04,No
CUST00090,Female,0,58,Yes,Fiber optic,46.59,2452.44,No
CUST00091,Male,0,0,No,DSL,101.76,,Yes
CUST00092,Female,0,70,No,No,77.06,5774.28,No
CUST00093,Male,1,23,Yes,No,75.73,1792.99,No
CUST00094,Female,0,0,Yes,Fiber optic,88.51,,No
CUST00095,Male,1,43,Yes,Fiber optic,32.65,977.66,No
CUST00096,Female,0,56,Yes,DSL,36.98,2550.23,No
CUST00097,Female,0,47,No,DSL,26.96,1115.69,No
CUST00098,Female,1,10,Yes,Fiber optic,71.79,704.67,Yes
CUST00099,Female,0,65,No,Fiber optic,45.83,3091.51,No
CUST00100,Male,0,12,Yes,No,55.26,563.04,No
CUST00101,Female,0,3,No,DSL,70.04,234.53,Yes
CUST00102,Female,1,36,No,DSL,62.42,2571.79,Yes
CUST00103,Female,0,62,No,DSL,29.52,1481.59,No
CUST00104,Male,0,28,No,Fiber optic,45.89,,No
CUST00105,Female,0,49,Yes,DSL,76.36,3915.38,No
CUST00106,Female,1,43,No,Fiber optic,74.58,,No
CUST00107,Male,0,2,Yes,No,97.65,182.91,Yes
CUST00108,Female,0,57,No,DSL,39.22,,No
CUST00109,Male,0,42,Yes,No,65.16,2567.88,No
CUST00110,Female,0,32,No,No,41.34,1160.35,No
CUST00111,Female,0,38,No,DSL,95.32,3829.42,No
CUST00112,Female,1,13,Yes,Fiber optic,22.07,,No
CUST00113,Male,0,0,Yes,Fiber optic,106.25,,Yes
CUST00114,Male,0,4,Yes,DSL,71.22,311.8,Yes
CUST00115,Female,0,8,No,Fiber optic,109.54,803.56,No
CUST00116,Female,0,24,No,DSL,82.31,1988.38,No
CUST00117,Female,0,7,Yes,Fiber optic,60.04,,Yes
CUST00118,Female,0,60,Yes,Fiber optic,98.29,6097.9,No
CUST00119,Female,0,0,No,DSL,79.89,,Yes
CUST00120,Female,0,72,No,DSL,95.82,6766.79,No
CUST00121,Male,0,4,Yes,DSL,60.9,248.65,No
CUST00122,Male,0,42,No,Fiber optic,83.92,,No
CUST00123,Male,0,22,No,Fiber optic,74.32,1825.03,No
CUST00124,Male,0,10,Yes,DSL,109.42,1039.22,No
CUST00125,Male,0,52,Yes,DSL,95.88,4554.18,No
CUST00126,Male,0,65,Yes,Fiber optic,33.62,2169.34,Yes
CUST00127,Male,0,5,No,DSL,86.73,417.6,Yes
CUST00128,Male,0,14,Yes,Fiber optic,65.29,944.84,No
CUST00129,Male,0,35,No,Fiber optic,46.22,1470.78,No
CUST00130,Male,0,4,No,Fiber optic,76.76,320.6,Yes
CUST00131,Male,0,3,Yes,DSL,90.34,278.87,No
CUST00132,Female,0,10,Yes,No,60.49,682.56,No
CUST00133,Female,0,42,No,DSL,51.59,2213.04,No
CUST00134,Female,0,9,Yes,DSL,86.53,720.53,Yes
CUST00135,Female,0,4,Yes,Fiber optic,89.34,,No
CUST00136,Female,1,2,Yes,Fiber optic,107.16,211.9,Yes
CUST00137,Male,0,6,No,Fiber optic,109.48,599.14,No
CUST00138,Female,0,5,No,No,73.35,401.02,No
CUST00139,Female,0,53,No,Fiber optic,98.67,5125.95,No
CUST00140,Female,0,7,No,DSL,91.74,593.94,No
CUST00141,Male,0,19,No,No,31.39,,No
CUST00142,Female,0,50,No,Fiber optic,84.93,4101.94,No
CUST00143,Female,0,7,No,DSL,104.99,763.84,Yes
CUST00144,Female,1,8,Yes,Fiber optic,93.65,695.97,No
CUST00145,Female,0,50,Yes,No,73.88,4182.25,No
CUST00146,Male,0,9,No,No,63.57,650.97,No
CUST00147,Female,1,45,Yes,No,86.58,3959.39,Yes
CUST00148,Male,0,15,No,DSL,48.13,716.73,No
CUST00149,Female,0,31,No,No,92.32,3144.95,No
CUST00150,Female,0,10,Yes,Fiber optic,86.03,872.76,No
CUST00151,Male,0,4,Yes,DSL,81.01,306.49,No
CUST00152,Male,0,0,Yes,DSL,77.44,,Yes
CUST00153,Female,0,9,No,DSL,96.9,946.7,No
CUST00154,Female,0,35,No,No,23.16,1086.27,No
CUST00155,Male,0,0,No,No,76.13,,Yes
CUST00156,Male,0,19,No,DSL,93.83,1738.27,No
CUST00157,Female,1,20,No,Fiber optic,56.78,1100.05,Yes
CUST00158,Female,0,37,Yes,Fiber optic,97.42,3301.5,Yes
CUST00159,Male,0,50,Yes,DSL,97.78,4663.56,No
CUST00160,Female,0,0,Yes,Fiber optic,102.54,,No
CUST00161,Female,0,17,No,Fiber optic,66.93,1276.47,No
CUST00162,Female,0,12,Yes,No,28.79,,No
CUST00163,Female,1,14,Yes,DSL,25.75,496.79,Yes
CUST00164,Male,0,13,No,No,47.38,606.35,No
CUST00165,Male,1,14,No,DSL,38.76,563.7,No
CUST00166,Female,0,49,No,Fiber optic,26.42,1076.64,No
CUST00167,Female,0,3,Yes,No,108.31,340.04,Yes
CUST00168,Male,0,49,Yes,DSL,61.36,3267.11,No
CUST00169,Male,0,3,Yes,DSL,80.41,261.92,No
CUST00170,Female,0,5,No,Fiber optic,64.02,275.75,No
CUST00171,Male,0,18,No,Fiber optic,73.23,1373.59,No
CUST00172,Male,0,68,Yes,No,66.33,4708.77,No
CUST00173,Female,1,61,No,No,79.28,4262.36,No
CUST00174,Male,1,3,No,DSL,108.84,321.8,Yes
CUST00175,Female,0,27,No,Fiber optic,93.17,2635.17,No
CUST00176,Male,1,7,Yes,No,99.86,651.39,No
CUST00177,Male,0,26,No,DSL,78.27,1857.32,No
CUST00178,Female,0,27,Yes,No,55.37,1261.83,No
CUST00179,Female,1,19,Yes,No,31.97,755.03,Yes
CUST00180,Male,0,25,Yes,Fiber optic,27.24,460.32,Yes
CUST00181,Male,1,14,Yes,Fiber optic,40.47,592.79,No
CUST00182,Male,0,1,Yes,No,60.77,68.72,No
CUST00183,Male,1,30,Yes,Fiber optic,54.36,1798.17,No
CUST00184,Male,0,57,No,No,63.79,3206.0,No
CUST00185,Male,1,10,No,Fiber optic,72.97,822.2,Yes
CUST00186,Male,0,1,No,No,109.79,112.56,Yes
CUST00187,Male,1,19,Yes,Fiber optic,64.68,1187.5,No
CUST00188,Female,0,40,No,Fiber optic,41.18,1483.65,No
CUST00189,Female,0,6,Yes,Fiber optic,95.61,592.94,No
CUST00190,Female,0,9,No,Fiber optic,77.22,753.23,Yes
CUST00191,Male,0,8,Yes,No,83.6,652.21,No
CUST00192,Male,0,6,No,Fiber optic,83.37,463.24,Yes
CUST00193,Male,0,68,No,DSL,62.23,3590.11,No
CUST00194,Female,1,37,Yes,No,34.41,1474.86,No
CUST00195,Male,1,25,No,No,87.33,2044.73,No
CUST00196,Female,0,27,No,DSL,32.99,1009.35,No
CUST00197,Male,0,9,No,Fiber optic,94.48,761.03,No
CUST00198,Female,0,64,No,Fiber optic,36.04,2716.83,No
CUST00199,Female,0,4,Yes,DSL,87.55,365.97,Yes
CUST00200,Female,0,2,No,Fiber optic,69.54,,Yes
CUST00201,Female,0,50,Yes,Fiber optic,56.56,2445.18,Yes
CUST00202,Male,0,3,Yes,DSL,81.93,267.04,Yes
CUST00203,Male,0,2,No,Fiber optic,82.69,151.9,No
CUST00204,Female,0,63,Yes,No,59.24,3504.68,No
CUST00205,Female,1,15,No,DSL,77.97,1124.99,Yes
CUST00206,Female,0,2,No,Fiber optic,109.88,214.08,No
CUST00207,Female,0,35,Yes,Fiber optic,24.63,587.61,No
CUST00208,Female,0,37,Yes,DSL,34.5,1289.8,No
CUST00209,Male,0,5,Yes,DSL,96.33,513.61,No
CUST00210,Female,0,4,Yes,No,86.74,353.05,No
CUST00211,Female,1,40,Yes,DSL,38.07,1599.86,No
CUST00212,Female,0,39,No,DSL,30.15,1323.02,No
CUST00213,Male,0,1,Yes,Fiber optic,70.96,70.2,Yes
CUST00214,Female,0,8,No,Fiber optic,89.83,661.6,No
CUST00215,Female,0,63,No,Fiber optic,76.01,4615.57,No
CUST00216,Female,0,11,No,No,91.94,905.88,No
CUST00217,Female,1,67,Yes,No,71.32,5441.89,No
CUST00218,Male,0,10,Yes,Fiber optic,101.97,933.65,Yes
CUST00219,Female,0,43,Yes,No,72.66,3550.86,No
CUST00220,Male,0,62,Yes,Fiber optic,75.63,5094.21,Yes
CUST00221,Male,1,70,No,DSL,92.61,7179.74,Yes
CUST00222,Female,1,40,Yes,DSL,30.28,1465.21,No
CUST00223,Female,0,2,Yes,DSL,71.14,,Yes
CUST00224,Male,0,49,Yes,No,91.53,4708.88,No
CUST00225,Female,0,71,Yes,Fiber optic,23.39,1745.7,No
CUST00226,Female,0,47,No,DSL,73.3,3524.19,No
CUST00227,Male,1,55,Yes,Fiber optic,70.69,3347.85,Yes
CUST00228,Female,0,4,No,DSL,61.41,219.72,No
CUST00229,Female,0,34,Yes,No,88.86,2960.21,No
CUST00230,Female,0,2,Yes,No,73.5,141.97,Yes
CUST00231,Female,0,68,No,Fiber optic,47.89,2754.76,No
CUST00232,Female,0,5,No,DSL,78.63,387.13,Yes
CUST00233,Female,0,24,No,DSL,69.59,1722.86,No
CUST00234,Female,1,56,No,DSL,58.45,3172.99,No
CUST00235,Male,0,30,Yes,Fiber optic,40.41,1330.51,No
CUST00236,Male,0,19,No,Fiber optic,34.08,498.92,No
CUST00237,Female,0,4,No,No,86.78,372.41,Yes
CUST00238,Female,0,25,No,Fiber optic,51.86,1148.87,Yes
CUST00239,Male,0,2,No,Fiber optic,108.42,225.21,No
CUST00240,Female,0,9,No,Fiber optic,101.07,829.26,Yes
CUST00241,Male,1,6,No,No,89.38,560.16,Yes
CUST00242,Female,0,49,No,DSL,32.77,1374.62,No
CUST00243,Male,0,22,No,DSL,90.01,1835.36,No
CUST00244,Male,1,68,Yes,Fiber optic,69.06,4692.97,Yes
CUST00245,Male,1,58,Yes,No,86.9,5091.98,No
CUST00246,Male,0,18,No,No,54.5,811.23,No
CUST00247,Male,0,7,Yes,DSL,102.6,769.34,Yes
CUST00248,Male,1,12,No,Fiber optic,87.97,1083.39,No
CUST00249,Male,0,45,No,DSL,69.39,3083.73,No
CUST00250,Female,0,0,Yes,DSL,94.81,,No
CUST00251,Male,0,28,Yes,DSL,88.95,2743.18,No
CUST00252,Male,1,43,No,No,95.72,4180.82,No
CUST00253,Female,0,6,Yes,Fiber optic,102.88,603.76,Yes
CUST00254,Male,0,41,Yes,Fiber optic,58.94,2785.06,No
CUST00255,Male,0,24,No,Fiber optic,68.9,1767.68,No
CUST00256,Female,0,4,No,DSL,76.02,300.02,Yes
CUST00257,Female,0,26,Yes,DSL,38.59,794.22,No
CUST00258,Female,1,47,Yes,DSL,39.21,1445.22,No
CUST00259,Male,0,30,Yes,DSL,82.96,2522.94,No
CUST00260,Male,0,38,No,DSL,68.17,2590.83,No
CUST00261,Male,0,32,No,Fiber optic,28.99,1042.22,No
CUST00262,Male,0,64,No,Fiber optic,99.64,5748.67,No
CUST00263,Female,0,30,Yes,No,90.11,2553.24,No
CUST00264,Male,0,63,Yes,Fiber optic,39.52,2310.72,No
CUST00265,Male,1,42,No,Fiber optic,45.33,1844.43,Yes
CUST00266,Female,1,34,No,Fiber optic,32.22,991.26,Yes
CUST00267,Female,0,69,No,No,77.32,4790.11,No
CUST00268,Female,0,35,Yes,Fiber optic,82.29,2612.29,Yes
CUST00269,Female,0,67,Yes,DSL,63.98,3758.99,No
CUST00270,Male,0,7,Yes,No,60.07,415.62,No
CUST00271,Female,0,35,No,Fiber optic,80.96,2666.46,No
CUST00272,Female,0,25,Yes,No,49.13,1168.56,No
CUST00273,Female,0,37,Yes,Fiber optic,97.16,3595.91,No
CUST00274,Female,0,21,No,No,91.93,1869.24,No
CUST00275,Female,0,29,Yes,Fiber optic,89.66,2815.74,No
CUST00276,Female,0,12,Yes,No,62.87,691.87,No
CUST00277,Female,0,12,No,No,67.39,,No
CUST00278,Female,0,46,Yes,DSL,54.32,2848.63,No
CUST00279,Male,0,41,No,DSL,52.92,1847.05,No
CUST00280,Male,1,1,Yes,No,105.92,114.62,Yes
CUST00281,Female,0,53,Yes,DSL,41.35,2155.04,No
CUST00282,Female,0,12,No,No,91.5,1209.13,No
CUST00283,Male,1,36,Yes,Fiber optic,67.91,,No
CUST00284,Female,0,42,No,DSL,75.46,3276.76,No
CUST00285,Male,0,34,Yes,DSL,66.06,1998.84,No
CUST00286,Female,0,0,No,Fiber optic,82.43,,Yes
CUST00287,Male,0,1,No,DSL,77.92,76.09,Yes
CUST00288,Female,0,1,No,Fiber optic,83.29,89.27,No
CUST00289,Female,0,28,No,Fiber optic,98.23,2895.5,No
CUST00290,Female,0,1,Yes,No,82.72,74.38,No
CUST00291,Female,1,68,Yes,Fiber optic,40.12,3041.17,No
CUST00292,Female,0,20,No,No,89.87,1827.04,No
CUST00293,Female,0,71,No,DSL,21.16,1118.85,No
CUST00294,Male,0,64,No,Fiber optic,96.84,6558.32,Yes
CUST00295,Male,0,2,Yes,DSL,93.75,184.73,No
CUST00296,Male,0,68,Yes,Fiber optic,57.73,4400.25,No
CUST00297,Male,0,2,Yes,DSL,73.26,128.44,No
CUST00298,Male,0,23,Yes,DSL,89.58,1866.97,No
CUST00299,Female,1,5,Yes,Fiber optic,91.06,484.36,No
CUST00300,Female,0,12,No,DSL,55.35,755.29,No
CUST00301,Male,1,41,No,Fiber optic,58.81,2429.21,No
CUST00302,Male,0,68,No,Fiber optic,46.17,2496.56,No
CUST00303,Female,0,32,No,Fiber optic,87.77,2578.46,Yes
CUST00304,Male,1,9,No,DSL,60.02,549.7,Yes
CUST00305,Male,0,48,Yes,Fiber optic,61.67,3166.19,Yes
CUST00306,Female,0,36,Yes,No,90.55,3166.19,No
CUST00307,Female,0,8,Yes,Fiber optic,93.76,823.78,Yes
CUST00308,Male,0,12,No,Fiber optic,47.36,613.76,No
CUST00309,Male,0,11,No,DSL,77.71,947.41,Yes
CUST00310,Male,0,6,No,DSL,78.83,491.36,Yes
CUST00311,Male,0,7,Yes,DSL,66.31,466.51,No
CUST00312,Female,1,12,No,Fiber optic,73.88,917.87,Yes
CUST00313,Female,0,68,No,DSL,86.36,6199.83,No
CUST00314,Female,0,51,No,Fiber optic,57.79,2753.55,No
CUST00315,Female,0,12,Yes,No,27.17,244.3,No
CUST00316,Female,1,34,Yes,No,79.89,2747.81,No
CUST00317,Male,1,43,Yes,DSL,91.04,3722.99,No
CUST00318,Male,1,32,Yes,DSL,86.03,3058.46,No
CUST00319,Male,1,65,No,Fiber optic,56.2,4114.09,Yes
CUST00320,Female,0,12,No,Fiber optic,23.16,351.3,No
CUST00321,Male,0,28,Yes,No,50.4,1661.88,No
CUST00322,Female,0,7,Yes,No,67.3,500.12,No
CUST00323,Male,1,6,Yes,DSL,91.72,567.77,Yes
CUST00324,Female,0,64,No,Fiber optic,26.47,1926.71,No
CUST00325,Female,0,20,Yes,No,86.95,1829.16,No
CUST00326,Male,0,25,No,No,45.33,1026.18,No
CUST00327,Female,1,42,No,Fiber optic,24.25,734.48,Yes
CUST00328,Female,0,56,No,Fiber optic,56.23,2824.62,No
CUST00329,Female,0,0,No,DSL,88.35,,Yes
CUST00330,Female,0,64,Yes,Fiber optic,92.27,6413.74,No
CUST00331,Male,1,10,No,Fiber optic,64.36,674.2,No
CUST00332,Female,0,69,No,Fiber optic,39.84,2516.57,No
CUST00333,Female,1,5,No,DSL,104.89,494.34,Yes
CUST00334,Female,0,53,Yes,No,97.7,4853.47,No
CUST00335,Male,0,8,Yes,DSL,81.21,576.97,Yes
CUST00336,Male,0,10,No,Fiber optic,92.26,972.74,Yes
CUST00337,Male,1,37,Yes,No,36.22,1610.23,No
CUST00338,Male,1,31,Yes,Fiber optic,25.81,620.12,Yes
CUST00339,Male,0,11,Yes,DSL,68.27,793.89,No
CUST00340,Female,0,28,Yes,DSL,46.2,1206.34,No
CUST00341,Male,0,15,No,DSL,25.12,265.66,No
CUST00342,Male,0,60,Yes,DSL,67.62,4287.7,No
CUST00343,Female,0,23,Yes,Fiber optic,46.28,936.06,No
CUST00344,Female,0,3,No,No,98.03,296.71,Yes
CUST00345,Male,0,1,Yes,Fiber optic,105.68,102.91,No
CUST00346,Female,0,9,Yes,Fiber optic,109.88,1039.73,No
CUST00347,Male,1,12,Yes,Fiber optic,48.02,,No
CUST00348,Male,0,9,Yes,DSL,64.99,523.58,No
CUST00349,Male,0,59,Yes,Fiber optic,36.9,1678.79,No
CUST00350,Male,0,5,No,DSL,99.48,478.38,Yes
CUST00351,Male,0,57,No,DSL,68.02,4345.47,No
CUST00352,Male,0,10,No,No,99.19,1050.18,No
CUST00353,Female,0,40,Yes,Fiber optic,65.66,,No
CUST00354,Male,0,10,No,DSL,77.91,766.39,Yes
CUST00355,Male,0,64,Yes,Fiber optic,73.06,5203.35,Yes
CUST00356,Female,1,61,Yes,Fiber optic,33.2,1868.22,Yes
CUST00357,Female,0,10,Yes,Fiber optic,89.6,854.28,No
CUST00358,Female,0,5,Yes,Fiber optic,106.0,527.95,Yes
CUST00359,Male,1,28,Yes,DSL,36.11,1110.12,No
CUST00360,Female,0,14,No,DSL,94.38,1189.98,No
CUST00361,Female,1,1,Yes,Fiber optic,96.79,87.76,No
CUST00362,Female,0,40,Yes,Fiber optic,83.99,3511.14,Yes
CUST00363,Female,0,32,Yes,No,59.03,1744.15,No
CUST00364,Female,0,13,Yes,Fiber optic,80.97,927.4,Yes
CUST00365,Female,0,5,No,Fiber optic,79.94,439.71,Yes
CUST00366,Male,0,19,No,No,52.48,814.95,No
CUST00367,Female,0,31,No,No,78.95,2553.1,No
CUST00368,Male,0,38,Yes,No,28.17,1316.51,No
CUST00369,Female,1,17,No,No,37.14,708.21,Yes
CUST00370,Female,0,55,No,No,31.75,1802.88,No
CUST00371,Female,0,65,Yes,Fiber optic,84.59,5323.22,Yes
CUST00372,Male,0,45,No,DSL,68.13,2828.28,No
CUST00373,Male,0,19,Yes,DSL,34.19,610.57,No
CUST00374,Male,0,41,No,DSL,21.86,553.97,No
CUST00375,Male,0,2,No,Fiber optic,85.27,171.45,No
CUST00376,Female,0,4,Yes,DSL,71.73,255.45,Yes
CUST00377,Male,0,3,No,Fiber optic,90.44,268.82,Yes
CUST00378,Female,0,7,No,Fiber optic,87.33,613.02,No
CUST00379,Male,0,16,No,No,52.2,770.38,No
CUST00380,Male,0,25,Yes,DSL,38.75,1178.49,No
CUST00381,Male,0,13,No,No,80.72,1125.59,No
CUST00382,Female,0,9,No,Fiber optic,75.38,657.21,Yes
CUST00383,Female,0,11,No,DSL,86.4,1005.62,No
CUST00384,Female,1,32,Yes,No,51.82,1719.12,No
CUST00385,Male,0,61,Yes,DSL,46.05,2349.77,No
CUST00386,Male,0,42,Yes,Fiber optic,30.31,1639.26,Yes
CUST00387,Female,0,16,Yes,DSL,78.88,1142.61,No
CUST00388,Male,1,2,No,Fiber optic,104.71,213.4,No
CUST00389,Female,1,50,Yes,No,76.6,,No
CUST00390,Male,1,22,No,Fiber optic,31.9,713.51,Yes
CUST00391,Female,0,7,Yes,No,67.75,433.75,No
CUST00392,Female,0,29,No,DSL,44.71,1430.49,No
CUST00393,Male,0,9,Yes,No,104.6,940.63,Yes
CUST00394,Male,1,9,No,Fiber optic,81.67,710.97,Yes
CUST00395,Female,1,30,Yes,Fiber optic,24.31,546.62,Yes
CUST00396,Male,0,3,No,No,82.28,263.76,No
CUST00397,Female,0,62,No,DSL,28.76,1262.92,No
CUST00398,Male,0,20,No,No,65.32,1480.49,No
CUST00399,Female,0,12,Yes,DSL,88.58,1056.64,No
CUST00400,Female,0,6,No,Fiber optic,105.98,690.29,Yes
CUST00401,Female,1,45,Yes,No,54.37,2792.05,No
CUST00402,Female,0,29,No,Fiber optic,29.15,772.29,Yes
CUST00403,Female,0,12,Yes,DSL,60.51,837.5,No
CUST00404,Male,1,14,No,No,39.56,438.76,No
CUST00405,Female,0,52,Yes,No,68.15,3091.11,No
CUST00406,Male,0,44,No,Fiber optic,50.47,2595.32,No
CUST00407,Male,0,3,No,DSL,77.61,241.82,Yes
CUST00408,Female,0,38,Yes,No,40.3,1702.21,No
CUST00409,Male,1,47,Yes,DSL,43.26,1578.1,No
CUST00410,Male,0,18,No,No,23.54,,No
CUST00411,Female,0,42,Yes,Fiber optic,99.62,4384.21,No
CUST00412,Male,1,30,No,Fiber optic,31.56,1184.21,No
CUST00413,Male,0,2,No,DSL,88.92,181.71,No
CUST00414,Male,0,50,No,DSL,94.16,4582.57,No
CUST00415,Male,0,8,No,DSL,72.06,551.92,Yes
CUST00416,Female,1,54,No,Fiber optic,24.25,793.95,No
CUST00417,Female,1,13,No,Fiber optic,46.17,612.03,Yes
CUST00418,Male,0,5,Yes,Fiber optic,61.55,329.99,No
CUST00419,Female,0,64,Yes,No,80.54,4782.54,No
CUST00420,Female,0,6,Yes,Fiber optic,96.02,524.64,No
CUST00421,Female,0,56,No,Fiber optic,88.91,4768.37,Yes
CUST00422,Female,0,63,No,No,92.36,6355.39,No
CUST00423,Male,0,20,No,DSL,50.91,928.4,No
CUST00424,Male,0,8,Yes,DSL,80.99,,Yes
CUST00425,Male,0,17,No,DSL,89.41,1564.58,No
CUST00426,Male,0,32,No,Fiber optic,85.49,2573.91,No
CUST00427,Female,0,38,No,DSL,72.28,2584.13,No
CUST00428,Female,0,4,No,DSL,82.37,,Yes
CUST00429,Female,0,10,No,DSL,74.19,795.3,Yes
CUST00430,Male,0,46,No,No,57.5,2700.17,No
CUST00431,Female,0,8,No,DSL,88.72,674.31,Yes
CUST00432,Male,0,9,No,DSL,94.64,845.18,No
CUST00433,Male,0,8,Yes,Fiber optic,90.98,802.93,Yes
CUST00434,Male,0,53,Yes,DSL,41.0,2609.17,No
CUST00435,Male,0,31,No,DSL,68.88,2375.66,No
CUST00436,Male,0,62,No,Fiber optic,83.53,5703.24,Yes
CUST00437,Female,0,8,No,DSL,70.0,508.76,No
CUST00438,Male,1,32,Yes,Fiber optic,97.52,3374.95,No
CUST00439,Male,0,25,Yes,DSL,45.88,1289.71,No
CUST00440,Female,1,12,No,Fiber optic,86.8,987.97,Yes
CUST00441,Male,0,2,Yes,Fiber optic,75.93,147.36,Yes
CUST00442,Female,0,43,Yes,Fiber optic,59.14,2240.14,No
CUST00443,Male,0,9,No,No,69.79,650.3,No
CUST00444,Male,0,1,Yes,DSL,76.83,74.91,No
CUST00445,Male,0,35,No,DSL,88.32,3299.74,No
CUST00446,Male,0,47,Yes,Fiber optic,41.66,2092.34,No
CUST00447,Female,0,6,Yes,Fiber optic,90.52,503.7,No
CUST00448,Male,0,26,No,DSL,38.0,777.02,No
CUST00449,Male,0,48,Yes,Fiber optic,35.36,1472.2,Yes
CUST00450,Male,0,4,Yes,DSL,72.07,266.34,Yes
CUST00451,Female,0,59,No,DSL,74.7,4825.47,No
CUST00452,Female,0,50,No,Fiber optic,32.23,1448.94,Yes
CUST00453,Female,0,19,No,DSL,72.31,1461.69,No
CUST00454,Female,0,50,Yes,No,22.43,1614.79,No
CUST00455,Male,0,8,Yes,Fiber optic,99.46,830.61,No
CUST00456,Female,0,2,No,Fiber optic,66.29,115.01,No
CUST00457,Male,0,53,No,Fiber optic,79.64,4646.31,No
CUST00458,Female,0,12,Yes,No,85.5,1004.06,No
CUST00459,Male,0,67,Yes,No,71.21,4334.05,No
CUST00460,Female,0,6,No,Fiber optic,67.21,,No
CUST00461,Male,0,8,Yes,No,74.9,579.15,No
CUST00462,Female,1,44,No,No,78.86,3676.85,No
CUST00463,Male,0,36,Yes,DSL,61.45,,No
CUST00464,Male,1,24,No,No,55.17,1364.39,No
CUST00465,Female,1,10,Yes,Fiber optic,105.16,1076.47,No
CUST00466,Male,0,10,No,Fiber optic,67.23,623.2,No
CUST00467,Female,0,55,No,Fiber optic,87.46,5249.17,No
CUST00468,Female,0,25,Yes,Fiber optic,36.73,848.77,No
CUST00469,Male,0,65,No,Fiber optic,98.77,5980.38,Yes
CUST00470,Male,0,6,No,Fiber optic,106.34,638.61,Yes
CUST00471,Female,0,11,No,DSL,78.65,769.61,No
CUST00472,Male,1,29,Yes,DSL,31.78,995.35,No
CUST00473,Female,0,69,No,Fiber optic,72.74,4805.2,Yes
CUST00474,Female,0,1,Yes,No,94.61,92.49,No
CUST00475,Male,1,1,No,DSL,106.91,111.87,No
CUST00476,Female,1,26,No,No,51.69,1390.09,Yes
CUST00477,Male,0,21,Yes,DSL,33.11,755.79,No
CUST00478,Female,0,4,No,DSL,78.48,299.96,Yes
CUST00479,Female,0,4,No,Fiber optic,78.43,300.94,Yes
CUST00480,Male,0,50,Yes,No,45.65,2484.0,No
CUST00481,Male,0,0,Yes,DSL,70.05,,Yes
CUST00482,Male,0,66,No,DSL,41.66,3004.08,No
CUST00483,Female,1,9,No,DSL,80.18,723.53,No
CUST00484,Female,0,5,No,Fiber optic,64.57,277.17,No
CUST00485,Female,0,50,No,No,86.23,4702.24,No
CUST00486,Female,1,12,No,DSL,57.11,711.55,No
CUST00487,Male,0,4,Yes,Fiber optic,71.13,248.05,Yes
CUST00488,Female,0,71,No,DSL,72.45,4694.38,No
CUST00489,Female,0,1,No,DSL,85.31,90.52,No
CUST00490,Male,0,36,No,DSL,71.51,2884.18,No
CUST00491,Male,0,13,No,DSL,92.14,1292.15,No
CUST00492,Female,1,7,No,DSL,74.36,475.97,Yes
CUST00493,Male,0,56,No,No,91.61,4916.99,No
CUST00494,Female,0,25,Yes,No,92.4,2145.19,No
CUST00495,Male,0,2,Yes,Fiber optic,74.33,144.87,No
CUST00496,Male,0,9,Yes,No,87.74,759.29,Yes
CUST00497,Female,0,2,Yes,DSL,67.34,139.87,No
CUST00498,Female,0,40,Yes,Fiber optic,40.37,1953.8,No
CUST00499,Male,0,23,Yes,No,58.19,1310.26,No
CUST00500,Female,0,11,Yes,Fiber optic,98.18,1162.45,No
CUST00501,Female,1,9,Yes,Fiber optic,99.45,847.67,No
CUST00502,Male,0,0,No,Fiber optic,104.85,,No
CUST00503,Female,0,50,Yes,Fiber optic,90.05,4993.73,No
CUST00504,Female,0,37,No,Fiber optic,93.2,3531.14,Yes
CUST00505,Female,0,36,No,No,69.79,2758.52,No
CUST00506,Female,0,7,Yes,Fiber optic,101.29,702.12,Yes
CUST00507,Male,0,21,Yes,Fiber optic,77.8,1707.11,No
CUST00508,Male,0,30,Yes,Fiber optic,63.48,1794.96,No
CUST00509,Male,0,31,Yes,DSL,67.5,1819.59,No
CUST00510,Female,0,8,No,DSL,103.5,771.38,Yes
CUST00511,Male,0,10,No,DSL,80.76,709.44,No
CUST00512,Female,0,6,Yes,Fiber optic,74.0,421.93,No
CUST00513,Female,0,56,Yes,DSL,66.26,3156.93,No
CUST00514,Male,0,32,No,DSL,22.84,457.29,No
CUST00515,Male,0,26,Yes,Fiber optic,51.83,1437.26,No
CUST00516,Male,1,31,No,Fiber optic,82.68,2854.99,No
CUST00517,Male,0,50,Yes,No,97.62,4947.14,No
CUST00518,Female,0,11,No,Fiber optic,80.3,982.95,Yes
CUST00519,Female,0,66,No,Fiber optic,59.53,4332.83,No
CUST00520,Female,0,57,Yes,Fiber optic,59.01,3522.81,No
CUST00521,Female,0,51,No,DSL,91.65,4818.62,No
CUST00522,Male,0,32,No,No,39.63,1378.0,No
CUST00523,Male,0,58,No,No,48.16,2530.7,No
CUST00524,Female,1,9,No,DSL,80.8,715.88,No
CUST00525,Female,0,56,Yes,Fiber optic,60.55,3258.79,No
CUST00526,Male,0,21,No,Fiber optic,48.9,1229.4,No
CUST00527,Female,0,56,No,DSL,45.29,2889.25,No
CUST00528,Male,0,38,No,Fiber optic,91.57,3647.76,No
CUST00529,Male,0,7,Yes,DSL,87.21,642.88,Yes
CUST00530,Female,0,0,No,DSL,89.13,,Yes
CUST00531,Female,0,61,Yes,Fiber optic,84.03,5301.89,No
CUST00532,Male,0,70,Yes,Fiber optic,22.51,1999.2,No
CUST00533,Female,0,51,Yes,No,97.73,5442.5,No
CUST00534,Female,0,64,No,DSL,95.19,6043.47,No
CUST00535,Male,0,8,No,DSL,103.9,787.31,No
CUST00536,Male,1,64,No,Fiber optic,49.74,3677.01,Yes
CUST00537,Female,0,8,No,DSL,78.27,683.85,Yes
CUST00538,Male,0,56,No,DSL,43.73,2913.72,No
CUST00539,Male,0,26,Yes,Fiber optic,34.49,1127.64,No
CUST00540,Female,1,47,Yes,No,79.9,4116.7,No
CUST00541,Female,1,2,No,Fiber optic,107.68,206.95,Yes
CUST00542,Female,1,13,No,Fiber optic,99.25,1419.85,Yes
CUST00543,Male,1,1,Yes,DSL,102.09,104.05,Yes
CUST00544,Female,0,4,Yes,Fiber optic,68.75,281.73,No
CUST00545,Female,0,25,No,Fiber optic,62.79,1637.39,No
CUST00546,Male,0,10,No,Fiber optic,99.98,1089.71,Yes
CUST00547,Male,0,10,No,DSL,71.65,681.19,Yes
CUST00548,Female,0,7,No,No,62.19,483.24,No
CUST00549,Male,0,2,No,Fiber optic,79.36,169.2,No
CUST00550,Male,0,4,No,DSL,103.71,392.77,No
CUST00551,Female,0,58,Yes,Fiber optic,66.75,3550.11,No
CUST00552,Male,0,5,No,Fiber optic,91.37,436.53,Yes
CUST00553,Female,1,13,Yes,Fiber optic,81.1,1172.6,No
CUST00554,Female,1,8,No,Fiber optic,79.57,565.06,Yes
CUST00555,Male,0,7,No,No,85.61,553.61,Yes
CUST00556,Male,0,1,No,DSL,90.41,94.29,Yes
CUST00557,Male,1,3,No,Fiber optic,98.9,,Yes
CUST00558,Male,1,35,No,No,57.15,2172.4,No
CUST00559,Female,0,10,Yes,DSL,83.15,840.07,Yes
CUST00560,Male,0,1,Yes,DSL,60.56,63.33,No
CUST00561,Male,1,6,Yes,DSL,71.61,449.17,Yes
CUST00562,Female,0,32,Yes,DSL,83.16,2797.21,No
CUST00563,Male,0,12,Yes,No,95.26,1123.87,No
CUST00564,Male,1,7,No,Fiber optic,106.07,768.23,Yes
CUST00565,Male,0,58,Yes,No,26.07,1224.04,No
CUST00566,Male,0,6,No,DSL,95.87,526.73,No
CUST00567,Female,0,69,Yes,Fiber optic,83.94,5710.89,Yes
CUST00568,Female,0,21,No,Fiber optic,60.35,1172.52,No
CUST00569,Male,0,40,Yes,DSL,62.32,2457.87,No
CUST00570,Male,0,37,No,Fiber optic,48.76,2072.48,No
CUST00571,Male,0,25,No,No,66.0,1595.68,No
CUST00572,Female,1,61,Yes,DSL,35.09,2101.25,No
CUST00573,Female,0,40,No,Fiber optic,49.46,1737.76,Yes
CUST00574,Male,0,10,No,DSL,91.2,991.98,No
CUST00575,Female,1,35,No,Fiber optic,21.03,1004.92,No
CUST00576,Male,1,58,Yes,DSL,88.37,5364.52,No
CUST00577,Male,1,9,No,No,93.62,775.36,Yes
CUST00578,Female,0,52,No,Fiber optic,36.93,1460.01,Yes
CUST00579,Female,0,8,Yes,DSL,104.68,882.12,Yes
CUST00580,Female,0,12,No,DSL,42.5,456.03,No
CUST00581,Male,0,32,No,No,22.28,647.55,No
CUST00582,Female,0,47,No,Fiber optic,46.81,2413.91,Yes
CUST00583,Male,0,59,Yes,DSL,93.63,5699.0,No
CUST00584,Female,0,30,Yes,DSL,57.75,1920.11,No
CUST00585,Male,1,0,No,Fiber optic,86.72,,Yes
CUST00586,Male,0,2,Yes,Fiber optic,71.01,137.03,No
CUST00587,Male,0,25,Yes,No,20.58,302.36,No
CUST00588,Female,0,22,No,No,39.93,664.48,No
CUST00589,Male,1,18,Yes,DSL,32.57,600.85,No
CUST00590,Female,0,12,Yes,Fiber optic,75.25,991.76,No
CUST00591,Male,1,11,Yes,DSL,106.11,1245.58,Yes
CUST00592,Female,0,9,No,No,74.38,639.71,Yes
CUST00593,Female,0,3,No,Fiber optic,62.61,215.56,No
CUST00594,Male,0,31,Yes,Fiber optic,43.31,1374.14,No
CUST00595,Male,0,1,Yes,Fiber optic,84.7,82.47,Yes
CUST00596,Female,1,10,Yes,DSL,105.74,995.03,No
CUST00597,Female,1,29,No,No,44.74,1521.57,No
CUST00598,Female,0,17,Yes,DSL,39.95,627.21,No
CUST00599,Female,0,36,No,Fiber optic,27.02,672.74,No
CUST00600,Female,0,11,No,Fiber optic,95.5,944.0,Yes
CUST00601,Female,0,51,No,DSL,87.14,4344.34,No
CUST00602,Male,0,6,Yes,DSL,68.67,421.96,No
CUST00603,Female,0,8,Yes,DSL,79.5,,No
CUST00604,Female,0,26,Yes,Fiber optic,31.26,651.17,No
CUST00605,Male,1,64,Yes,Fiber optic,65.5,4399.3,Yes
CUST00606,Female,0,12,No,DSL,73.99,824.4,No
CUST00607,Male,0,1,No,DSL,66.85,65.73,No
CUST00608,Female,0,58,No,Fiber optic,71.55,4016.94,No
CUST00609,Male,0,35,No,DSL,78.76,2751.39,No
CUST00610,Female,0,41,Yes,Fiber optic,76.44,3155.5,No
CUST00611,Male,0,52,Yes,Fiber optic,33.01,1601.03,No
CUST00612,Male,1,2,No,DSL,64.98,137.58,Yes
CUST00613,Female,0,5,Yes,No,91.42,496.51,Yes
CUST00614,Female,0,60,No,DSL,99.37,6104.8,No
CUST00615,Female,0,64,No,DSL,40.92,3090.0,No
CUST00616,Male,0,51,Yes,DSL,85.71,4743.11,No
CUST00617,Female,0,11,Yes,DSL,71.01,819.31,Yes
CUST00618,Female,0,4,Yes,Fiber optic,69.02,241.04,No
CUST00619,Male,0,11,Yes,DSL,77.93,841.13,Yes
CUST00620,Male,0,44,Yes,No,54.84,2245.19,No
CUST00621,Female,1,39,No,No,80.29,3253.94,No
CUST00622,Female,0,37,No,DSL,44.59,1561.86,No
CUST00623,Female,0,4,Yes,DSL,82.59,300.09,Yes
CUST00624,Male,0,69,No,DSL,68.19,4483.23,No
CUST00625,Male,0,55,Yes,Fiber optic,24.7,1855.96,No
CUST00626,Female,0,44,Yes,DSL,76.76,2961.94,No
CUST00627,Male,0,64,Yes,DSL,92.48,6506.2,No
CUST00628,Male,0,0,No,No,81.25,,Yes
CUST00629,Female,1,63,Yes,Fiber optic,60.44,3493.6,No
CUST00630,Male,0,0,No,DSL,84.13,,Yes
CUST00631,Male,0,63,Yes,Fiber optic,63.79,3538.59,Yes
CUST00632,Female,0,2,No,Fiber optic,76.56,166.04,Yes
CUST00633,Male,0,8,No,Fiber optic,107.93,859.95,Yes
CUST00634,Male,0,60,No,No,97.28,5894.31,No
CUST00635,Female,0,3,No,DSL,60.01,178.83,No
CUST00636,Male,0,63,Yes,Fiber optic,40.4,2172.53,No
CUST00637,Male,0,8,Yes,Fiber optic,95.39,704.63,Yes
CUST00638,Female,0,9,Yes,Fiber optic,95.25,919.31,No
CUST00639,Female,0,66,No,Fiber optic,60.6,3631.87,No
CUST00640,Male,0,9,Yes,Fiber optic,99.45,,Yes
CUST00641,Female,1,15,Yes,No,23.93,319.71,No
CUST00642,Male,1,56,No,No,35.18,1929.52,No
CUST00643,Male,0,47,Yes,No,43.58,2164.53,No
CUST00644,Female,0,33,No,DSL,55.68,2041.79,No
CUST00645,Male,0,4,No,Fiber optic,67.45,259.26,No
CUST00646,Male,0,17,Yes,Fiber optic,62.78,1172.88,No
CUST00647,Female,1,69,No,DSL,53.26,4198.64,No
CUST00648,Male,0,0,Yes,DSL,71.47,,No
CUST00649,Female,0,51,Yes,Fiber optic,73.09,3283.53,No
CUST00650,Female,0,2,No,Fiber optic,81.68,150.83,Yes
CUST00651,Female,1,52,No,DSL,84.77,4665.7,No
CUST00652,Female,0,38,No,DSL,55.1,,No
CUST00653,Male,0,72,No,No,55.77,3783.89,No
CUST00654,Female,0,1,No,No,86.76,92.09,No
CUST00655,Female,0,26,No,Fiber optic,42.37,1181.81,No
CUST00656,Male,0,72,No,DSL,82.18,5810.9,No
CUST00657,Female,0,68,No,DSL,38.71,2038.18,No
CUST00658,Male,0,14,Yes,Fiber optic,47.13,663.73,No
CUST00659,Female,0,22,No,DSL,80.02,1690.19,No
CUST00660,Male,1,55,No,DSL,60.43,3444.55,No
CUST00661,Male,0,9,Yes,Fiber optic,87.91,813.18,Yes
CUST00662,Male,0,49,Yes,DSL,91.8,,No
CUST00663,Male,0,12,Yes,Fiber optic,97.85,1202.46,No
CUST00664,Female,0,7,No,Fiber optic,87.58,600.47,No
CUST00665,Male,0,20,Yes,No,83.81,1664.03,No
CUST00666,Female,0,4,No,Fiber optic,107.59,408.37,Yes
CUST00667,Male,0,10,No,DSL,101.72,1036.07,No
CUST00668,Female,1,60,Yes,No,24.68,1962.22,No
CUST00669,Male,0,3,Yes,Fiber optic,68.45,218.77,No
CUST00670,Male,0,69,No,DSL,75.22,4725.86,No
CUST00671,Male,0,30,No,Fiber optic,65.86,2261.16,No
CUST00672,Male,1,13,No,DSL,78.75,1061.74,No
CUST00673,Male,0,54,No,Fiber optic,31.13,1989.18,No
CUST00674,Male,0,23,Yes,No,25.72,583.01,No
CUST00675,Female,0,47,Yes,DSL,30.04,1416.23,No
CUST00676,Male,0,28,Yes,No,38.69,814.18,No
CUST00677,Male,0,46,No,Fiber optic,98.72,4638.56,No
CUST00678,Male,0,32,No,No,63.72,1736.82,No
CUST00679,Female,0,11,Yes,Fiber optic,97.18,1002.62,No
CUST00680,Male,1,26,No,DSL,32.0,877.56,No
CUST00681,Female,0,4,Yes,DSL,81.68,,No
CUST00682,Male,0,67,Yes,Fiber optic,23.22,1596.45,Yes
CUST00683,Female,0,16,Yes,DSL,79.57,1249.51,No
CUST00684,Male,0,31,No,Fiber optic,42.07,1006.37,No
CUST00685,Female,0,15,Yes,DSL,39.73,664.82,No
CUST00686,Male,0,30,Yes,No,94.23,,No
CUST00687,Female,0,10,Yes,DSL,100.62,1008.48,No
CUST00688,Male,0,9,Yes,Fiber optic,79.59,752.82,No
CUST00689,Male,0,17,No,DSL,27.61,468.03,No
CUST00690,Male,0,6,No,DSL,98.61,562.19,Yes
CUST00691,Female,0,59,Yes,Fiber optic,92.82,4951.25,No
CUST00692,Male,0,70,Yes,No,21.44,1311.45,No
CUST00693,Male,0,63,No,Fiber optic,85.45,5726.82,No
CUST00694,Female,1,23,No,Fiber optic,23.89,749.99,Yes
CUST00695,Female,0,26,No,Fiber optic,69.95,1866.06,Yes
CUST00696,Male,0,66,No,Fiber optic,31.21,1810.27,No
CUST00697,Female,0,5,Yes,DSL,95.74,488.34,Yes
CUST00698,Female,0,30,No,No,38.47,945.34,No
CUST00699,Male,0,32,No,DSL,59.61,1736.91,No
CUST00700,Male,0,9,No,Fiber optic,73.78,601.41,Yes
CUST00701,Female,0,23,Yes,DSL,35.81,985.73,No
CUST00702,Male,0,42,No,DSL,22.36,1001.08,No
CUST00703,Male,0,3,Yes,No,69.35,218.4,No
CUST00704,Male,0,57,No,DSL,35.52,1940.95,No
CUST00705,Male,0,3,No,Fiber optic,107.0,319.8,No
CUST00706,Male,0,20,No,No,86.28,1913.86,No
CUST00707,Female,0,19,Yes,Fiber optic,65.64,1233.02,No
CUST00708,Male,0,30,No,Fiber optic,44.12,1396.13,Yes
CUST00709,Female,0,6,Yes,Fiber optic,60.7,355.68,No
CUST00710,Male,0,7,No,Fiber optic,86.47,623.38,No
CUST00711,Female,0,1,No,DSL,68.22,76.79,No
CUST00712,Female,0,69,Yes,DSL,87.64,5714.31,No
CUST00713,Female,0,22,No,Fiber optic,53.52,1285.5,No
CUST00714,Male,1,14,Yes,No,76.46,1185.68,No
CUST00715,Male,0,8,No,Fiber optic,104.56,841.48,Yes
CUST00716,Female,0,40,No,No,34.53,1281.98,No
CUST00717,Female,1,17,No,DSL,62.41,1161.5,Yes
CUST00718,Female,0,27,No,Fiber optic,79.76,1887.98,No
CUST00719,Male,0,48,Yes,No,89.01,3813.16,No
CUST00720,Male,0,2,No,DSL,91.67,171.43,No
CUST00721,Male,1,8,Yes,DSL,93.15,699.1,No
CUST00722,Female,0,6,No,No,106.28,625.18,Yes
CUST00723,Male,1,4,No,DSL,74.52,263.47,No
CUST00724,Male,1,41,Yes,DSL,22.27,,No
CUST00725,Male,0,2,Yes,Fiber optic,85.89,169.35,No
CUST00726,Male,0,3,No,DSL,76.41,219.75,No
CUST00727,Male,0,6,Yes,Fiber optic,66.82,364.88,No
CUST00728,Female,0,53,No,Fiber optic,67.48,3960.67,Yes
CUST00729,Female,0,1,Yes,Fiber optic,75.64,66.36,Yes
CUST00730,Female,0,36,Yes,Fiber optic,42.87,1524.02,Yes
CUST00731,Male,0,12,No,No,82.22,980.86,No
CUST00732,Female,0,5,No,DSL,93.96,489.46,Yes
CUST00733,Female,1,35,No,DSL,68.78,2437.55,No
CUST00734,Female,0,0,No,Fiber optic,90.25,,Yes
CUST00735,Female,0,33,Yes,DSL,88.05,2985.71,No
CUST00736,Male,0,5,No,DSL,109.38,573.64,Yes
CUST00737,Female,1,64,No,Fiber optic,85.82,5196.04,Yes
CUST00738,Male,0,13,Yes,Fiber optic,34.76,461.43,Yes
CUST00739,Male,0,12,Yes,No,20.21,,No
CUST00740,Female,0,27,No,Fiber optic,57.35,1643.27,No
CUST00741,Male,0,67,Yes,No,85.58,5955.93,No
CUST00742,Female,0,9,Yes,Fiber optic,97.28,945.36,Yes
CUST00743,Female,1,6,Yes,No,108.51,619.79,Yes
CUST00744,Male,0,71,No,Fiber optic,64.08,5233.9,No
CUST00745,Male,0,11,Yes,Fiber optic,64.78,730.3,No
CUST00746,Male,0,33,No,Fiber optic,24.49,1121.03,No
CUST00747,Female,1,13,Yes,DSL,34.1,447.23,No
CUST00748,Female,1,32,No,Fiber optic,78.95,2434.04,Yes
CUST00749,Male,0,56,Yes,DSL,58.36,3755.85,No
CUST00750,Female,0,18,Yes,DSL,26.49,,No
CUST00751,Male,0,43,Yes,DSL,77.02,3494.79,No
CUST00752,Female,0,2,Yes,Fiber optic,83.1,167.24,No
CUST00753,Male,1,51,No,Fiber optic,30.09,1923.63,No
CUST00754,Male,0,51,No,Fiber optic,23.64,992.82,No
CUST00755,Female,0,9,Yes,Fiber optic,75.63,669.11,Yes
CUST00756,Male,0,21,Yes,DSL,90.19,1844.68,No
CUST00757,Female,0,57,Yes,DSL,30.52,2213.27,No
CUST00758,Male,0,11,No,DSL,77.21,837.26,No
CUST00759,Female,0,35,Yes,Fiber optic,60.01,2301.2,No
CUST00760,Male,1,21,No,Fiber optic,21.05,600.33,No
CUST00761,Female,1,2,Yes,Fiber optic,72.36,126.42,Yes
CUST00762,Female,0,72,No,Fiber optic,67.18,4495.64,No
CUST00763,Female,0,20,Yes,DSL,78.46,1554.98,No
CUST00764,Female,1,53,Yes,DSL,55.63,3179.36,Yes
CUST00765,Female,0,56,No,DSL,48.03,2483.56,No
CUST00766,Female,0,12,No,Fiber optic,57.09,741.29,Yes
CUST00767,Female,0,5,Yes,Fiber optic,76.49,333.82,Yes
CUST00768,Male,0,12,Yes,Fiber optic,78.77,1031.08,No
CUST00769,Female,0,47,No,No,95.78,4129.73,No
CUST00770,Female,0,11,Yes,DSL,60.86,674.63,No
CUST00771,Female,0,64,Yes,DSL,48.23,2502.35,No
CUST00772,Male,0,9,No,No,87.21,773.06,No
CUST00773,Male,0,28,No,Fiber optic,27.52,894.21,Yes
CUST00774,Male,0,33,Yes,DSL,65.17,1975.52,No
CUST00775,Female,0,36,No,DSL,27.4,1334.92,No
CUST00776,Male,0,2,Yes,Fiber optic,79.9,155.83,Yes
CUST00777,Male,0,12,No,DSL,89.85,1005.65,No
CUST00778,Female,0,52,No,Fiber optic,66.55,3494.76,No
CUST00779,Female,0,5,Yes,Fiber optic,68.29,316.25,Yes
CUST00780,Female,1,50,No,No,42.34,1702.13,No
CUST00781,Female,0,39,Yes,Fiber optic,92.69,3368.41,Yes
CUST00782,Male,0,14,Yes,Fiber optic,29.82,343.89,Yes
CUST00783,Male,0,8,No,No,107.94,892.84,Yes
CUST00784,Female,0,69,Yes,DSL,96.27,6937.32,No
CUST00785,Female,0,3,No,No,103.45,336.81,Yes
CUST00786,Male,0,1,Yes,No,96.11,94.02,Yes
CUST00787,Female,0,10,Yes,No,77.37,792.69,Yes
CUST00788,Male,0,57,No,Fiber optic,71.22,3878.28,Yes
CUST00789,Male,0,8,Yes,DSL,69.28,549.91,No
CUST00790,Female,0,55,Yes,Fiber optic,56.5,2691.99,No
CUST00791,Female,0,51,No,Fiber optic,72.06,3168.32,No
CUST00792,Male,0,37,No,DSL,69.86,2766.95,No
CUST00793,Male,1,41,No,No,58.47,2262.45,No
CUST00794,Female,0,69,Yes,No,49.58,3307.59,No
CUST00795,Male,0,9,Yes,Fiber optic,108.56,890.36,Yes
CUST00796,Male,0,54,No,DSL,71.51,4108.84,No
CUST00797,Female,0,69,Yes,No,69.17,4559.83,No
CUST00798,Female,0,6,No,DSL,90.85,509.02,No
CUST00799,Female,1,31,No,DSL,63.15,1879.24,No
CUST00800,Female,0,0,Yes,Fiber optic,86.44,,Yes
CUST00801,Female,0,10,No,DSL,60.01,697.11,No
CUST00802,Female,0,11,No,Fiber optic,71.26,867.08,Yes
CUST00803,Female,0,8,No,DSL,81.99,695.58,Yes
CUST00804,Male,0,12,No,Fiber optic,21.0,362.08,No
CUST00805,Female,0,3,No,DSL,106.7,325.84,No
CUST00806,Female,0,37,Yes,DSL,50.79,1698.96,No
CUST00807,Female,0,2,No,Fiber optic,61.56,136.71,Yes
CUST00808,Male,0,54,Yes,Fiber optic,96.69,5276.78,Yes
CUST00809,Male,0,6,No,No,70.37,378.55,Yes
CUST00810,Male,0,65,Yes,Fiber optic,53.86,3199.32,No
CUST00811,Male,0,12,No,DSL,61.95,762.91,No
CUST00812,Female,1,35,Yes,Fiber optic,74.74,2431.97,No
CUST00813,Male,0,49,Yes,No,79.79,3472.61,No
CUST00814,Female,0,49,No,DSL,23.03,1434.65,No
CUST00815,Female,0,7,No,DSL,60.66,405.26,No
CUST00816,Male,0,49,No,Fiber optic,52.46,,No
CUST00817,Male,0,11,Yes,Fiber optic,69.88,737.77,No
CUST00818,Male,0,63,No,DSL,63.44,3711.35,No
CUST00819,Female,0,62,Yes,DSL,70.83,,No
CUST00820,Female,0,4,Yes,Fiber optic,81.26,304.96,Yes
CUST00821,Male,0,25,Yes,No,70.66,1656.86,No
CUST00822,Male,0,45,No,DSL,81.53,3864.6,No
CUST00823,Female,1,68,Yes,DSL,30.57,2456.21,No
CUST00824,Female,0,28,Yes,Fiber optic,93.47,2677.61,No
CUST00825,Female,0,8,Yes,No,72.0,,No
CUST00826,Female,1,21,Yes,No,28.19,611.63,Yes
CUST00827,Male,0,68,No,No,88.31,5761.0,No
CUST00828,Female,0,49,Yes,Fiber optic,62.07,3326.59,No
CUST00829,Male,0,52,Yes,Fiber optic,75.32,3580.42,No
CUST00830,Male,0,9,No,DSL,88.19,746.82,Yes
CUST00831,Female,0,66,Yes,DSL,70.38,4815.29,No
CUST00832,Male,1,32,No,No,55.67,1628.26,No
CUST00833,Male,0,5,No,DSL,106.03,503.36,Yes
CUST00834,Male,0,5,No,Fiber optic,74.28,336.59,Yes
CUST00835,Male,0,9,No,Fiber optic,102.94,983.2,Yes
CUST00836,Male,0,8,No,DSL,89.57,731.16,No
CUST00837,Male,0,4,No,DSL,108.81,455.56,Yes
CUST00838,Female,1,9,Yes,DSL,98.43,,No
CUST00839,Female,0,41,No,DSL,55.0,2125.51,No
CUST00840,Female,0,64,Yes,Fiber optic,84.26,5965.35,No
CUST00841,Female,0,70,Yes,DSL,98.39,7174.01,No
CUST00842,Female,0,0,Yes,No,86.6,,Yes
CUST00843,Male,0,20,No,Fiber optic,89.51,1953.9,No
CUST00844,Male,0,4,Yes,DSL,106.63,448.19,Yes
CUST00845,Female,1,38,Yes,Fiber optic,35.67,1546.53,No
CUST00846,Male,0,25,Yes,Fiber optic,99.53,2442.32,No
CUST00847,Female,0,9,No,Fiber optic,98.23,962.39,Yes
CUST00848,Female,0,2,No,DSL,70.63,154.11,No
CUST00849,Male,1,57,Yes,DSL,49.93,3292.8,No
CUST00850,Male,1,11,No,DSL,95.0,1054.7,Yes
CUST00851,Male,0,38,Yes,Fiber optic,41.42,1374.54,Yes
CUST00852,Male,0,21,No,DSL,24.86,379.75,No
CUST00853,Female,1,65,Yes,No,59.1,4049.89,Yes
CUST00854,Male,1,63,Yes,Fiber optic,68.0,4847.71,Yes
CUST00855,Male,0,1,No,Fiber optic,68.16,,Yes
CUST00856,Female,0,0,No,DSL,86.31,,No
CUST00857,Female,0,7,No,DSL,68.3,514.37,No
CUST00858,Male,1,46,No,DSL,39.0,2230.13,No
CUST00859,Male,0,4,No,DSL,101.52,370.87,No
CUST00860,Female,0,37,Yes,DSL,93.9,3514.32,No
CUST00861,Female,0,17,No,No,98.4,1774.16,No
CUST00862,Female,0,10,Yes,DSL,93.25,860.09,Yes
CUST00863,Female,1,23,Yes,Fiber optic,28.04,497.92,No
CUST00864,Male,0,57,Yes,DSL,83.41,5194.74,No
CUST00865,Male,0,3,No,No,70.53,,Yes
CUST00866,Male,0,1,No,Fiber optic,87.81,85.2,Yes
CUST00867,Female,0,33,Yes,No,82.27,2760.59,No
CUST00868,Female,0,55,No,Fiber optic,62.53,3826.07,No
CUST00869,Female,0,18,No,DSL,92.48,1678.21,No
CUST00870,Female,1,40,Yes,No,57.35,2126.2,No
CUST00871,Male,1,40,No,No,53.51,1901.47,No
CUST00872,Female,0,40,Yes,Fiber optic,42.12,1702.85,No
CUST00873,Female,0,34,Yes,DSL,69.91,2125.76,No
CUST00874,Male,0,11,No,Fiber optic,94.81,1098.53,Yes
CUST00875,Male,0,3,Yes,Fiber optic,69.36,178.45,No
CUST00876,Male,0,11,No,Fiber optic,88.28,934.46,Yes
CUST00877,Male,0,14,Yes,Fiber optic,76.68,979.92,No
CUST00878,Female,1,28,Yes,No,95.81,2538.84,No
CUST00879,Female,0,34,Yes,No,91.48,3000.55,No
CUST00880,Female,0,12,Yes,DSL,50.71,689.13,No
CUST00881,Male,0,66,No,DSL,85.08,5358.8,No
CUST00882,Male,0,12,Yes,DSL,74.16,866.08,No
CUST00883,Male,0,6,No,Fiber optic,85.33,522.82,Yes
CUST00884,Female,0,70,Yes,No,22.61,1626.65,No
CUST00885,Male,0,51,Yes,DSL,55.9,3017.22,No
CUST00886,Male,0,33,No,Fiber optic,66.99,,No
CUST00887,Female,0,39,Yes,DSL,31.59,1387.53,No
CUST00888,Male,1,35,Yes,Fiber optic,99.71,3494.34,No
CUST00889,Female,0,15,No,DSL,61.34,827.71,No
CUST00890,Male,0,22,Yes,DSL,62.13,1443.62,No
CUST00891,Female,0,3,No,DSL,108.08,321.84,No
CUST00892,Female,0,23,No,DSL,78.63,,No
CUST00893,Female,0,24,Yes,No,58.24,1582.13,No
CUST00894,Female,0,39,No,No,22.29,673.59,No
CUST00895,Male,1,21,Yes,DSL,66.74,1291.82,No
CUST00896,Female,1,55,No,No,22.01,870.27,No
CUST00897,Male,0,2,No,No,93.74,202.27,No
CUST00898,Male,0,0,Yes,DSL,75.84,,No
CUST00899,Male,0,24,Yes,DSL,59.13,1364.41,No
CUST00900,Male,0,2,No,DSL,84.59,,Yes
CUST00901,Female,1,22,Yes,Fiber optic,36.78,847.77,No
CUST00902,Male,0,67,Yes,DSL,25.35,2027.76,No
CUST00903,Male,0,1,Yes,No,68.67,66.35,No
CUST00904,Female,0,18,No,DSL,47.06,938.04,No
CUST00905,Male,0,9,Yes,DSL,74.99,661.14,Yes
CUST00906,Female,0,30,No,DSL,55.94,1635.99,No
CUST00907,Male,0,39,Yes,No,98.18,4003.5,No
CUST00908,Male,0,8,Yes,DSL,83.16,592.58,Yes
CUST00909,Female,1,11,No,No,92.57,942.54,No
CUST00910,Male,0,10,No,DSL,103.23,1036.16,No
CUST00911,Male,0,10,No,Fiber optic,91.49,932.52,No
CUST00912,Female,0,45,Yes,DSL,56.65,,No
CUST00913,Female,1,5,No,Fiber optic,98.48,451.78,Yes
CUST00914,Male,1,12,No,Fiber optic,53.58,668.5,No
CUST00915,Female,0,65,No,Fiber optic,40.46,2240.53,No
CUST00916,Female,0,12,Yes,Fiber optic,86.15,1146.64,Yes
CUST00917,Male,0,64,No,DSL,87.94,5934.85,No
CUST00918,Female,0,3,No,DSL,64.43,210.03,No
CUST00919,Male,0,18,No,DSL,27.31,441.57,No
CUST00920,Female,0,29,Yes,DSL,52.24,1765.57,No
CUST00921,Female,0,60,Yes,Fiber optic,21.58,1883.9,Yes
CUST00922,Female,1,64,Yes,DSL,82.15,5456.68,Yes
CUST00923,Male,0,12,Yes,Fiber optic,21.55,350.45,No
CUST00924,Female,0,2,Yes,DSL,69.11,140.3,No
CUST00925,Male,0,31,Yes,Fiber optic,91.72,2712.45,Yes
CUST00926,Female,0,42,Yes,Fiber optic,77.44,3504.61,Yes
CUST00927,Male,0,62,No,No,91.1,6064.24,No
CUST00928,Male,0,65,Yes,No,35.45,2583.2,No
CUST00929,Male,0,21,Yes,DSL,43.61,1117.52,No
CUST00930,Female,0,72,Yes,No,42.45,3427.85,No
CUST00931,Female,0,0,No,Fiber optic,85.96,,Yes
CUST00932,Male,0,65,Yes,Fiber optic,84.63,5859.24,No
CUST00933,Female,0,6,No,DSL,63.92,364.91,No
CUST00934,Male,1,66,Yes,DSL,25.14,1761.33,No
CUST00935,Male,0,15,No,DSL,77.43,1238.7,No
CUST00936,Male,0,62,No,Fiber optic,39.53,1869.56,No
CUST00937,Male,0,10,Yes,DSL,87.27,892.55,Yes
CUST00938,Male,1,11,Yes,No,90.66,988.95,No
CUST00939,Male,0,16,Yes,No,32.78,585.43,No
CUST00940,Male,1,60,No,Fiber optic,72.95,4531.38,Yes
CUST00941,Female,0,0,Yes,Fiber optic,74.44,,No
CUST00942,Female,1,29,Yes,DSL,48.91,1543.36,Yes
CUST00943,Female,1,34,No,Fiber optic,59.02,1745.43,Yes
CUST00944,Male,1,37,No,Fiber optic,61.52,2091.85,No
CUST00945,Female,0,39,Yes,Fiber optic,78.3,3304.52,No
CUST00946,Female,0,7,No,DSL,84.54,603.6,Yes
CUST00947,Female,0,22,No,DSL,66.97,1610.66,No
CUST00948,Male,0,11,No,DSL,69.87,796.9,No
CUST00949,Male,0,3,No,DSL,61.37,173.9,No
CUST00950,Male,1,64,Yes,Fiber optic,88.63,,No
CUST00951,Male,0,64,No,Fiber optic,78.91,5535.6,Yes
CUST00952,Female,1,23,No,DSL,47.34,1192.63,No
CUST00953,Male,0,64,No,Fiber optic,62.7,3732.11,Yes
CUST00954,Female,0,1,No,DSL,74.44,65.18,Yes
CUST00955,Male,0,2,Yes,No,73.32,133.46,No
CUST00956,Female,0,50,No,DSL,43.27,2614.19,No
CUST00957,Female,0,71,Yes,Fiber optic,24.47,2240.18,No
CUST00958,Female,0,2,Yes,Fiber optic,105.86,200.77,Yes
CUST00959,Female,0,6,No,DSL,93.84,503.6,No
CUST00960,Male,0,12,No,DSL,66.47,756.72,No
CUST00961,Female,0,45,Yes,Fiber optic,23.13,1028.79,No
CUST00962,Female,0,39,Yes,Fiber optic,84.36,3594.45,Yes
CUST00963,Female,0,12,No,Fiber optic,23.39,302.05,Yes
CUST00964,Female,1,54,Yes,DSL,29.35,1577.11,Yes
CUST00965,Female,0,6,Yes,DSL,100.9,559.06,Yes
CUST00966,Male,0,18,Yes,Fiber optic,21.89,371.77,Yes
CUST00967,Female,0,7,No,Fiber optic,95.82,700.11,Yes
CUST00968,Male,0,7,Yes,DSL,99.09,707.22,No
CUST00969,Male,0,1,No,Fiber optic,78.71,75.27,Yes
CUST00970,Male,0,39,No,No,66.15,2534.92,No
CUST00971,Male,0,65,No,DSL,82.17,5947.33,No
CUST00972,Male,1,10,No,Fiber optic,95.76,961.95,No
CUST00973,Male,0,56,Yes,Fiber optic,91.17,5337.0,Yes
CUST00974,Female,1,3,No,Fiber optic,103.37,312.11,Yes
CUST00975,Male,0,50,No,DSL,50.39,2348.76,No
CUST00976,Male,0,67,No,No,60.77,3405.65,No
CUST00977,Female,0,38,Yes,Fiber optic,43.81,2018.09,No
CUST00978,Male,0,2,Yes,Fiber optic,92.4,177.18,No
CUST00979,Male,0,50,No,Fiber optic,93.26,4899.57,No
CUST00980,Male,1,6,Yes,DSL,67.96,360.86,Yes
CUST00981,Female,0,21,No,DSL,83.67,1797.96,No
CUST00982,Male,1,5,Yes,DSL,106.08,577.31,No
CUST00983,Female,1,10,Yes,DSL,77.36,682.56,Yes
CUST00984,Male,0,8,Yes,No,95.25,746.18,Yes
CUST00985,Male,1,10,No,DSL,101.35,994.45,Yes
CUST00986,Male,1,40,No,Fiber optic,24.73,982.94,No
CUST00987,Female,0,7,No,DSL,70.15,543.58,Yes
CUST00988,Male,0,4,No,No,107.71,442.96,Yes
CUST00989,Female,0,0,No,DSL,94.97,,No
CUST00990,Female,0,0,No,DSL,99.9,,No
CUST00991,Female,0,49,Yes,DSL,25.51,818.48,No
CUST00992,Male,0,18,No,No,66.31,1025.99,No
CUST00993,Female,0,41,No,Fiber optic,22.4,514.5,No
CUST00994,Male,0,46,Yes,DSL,84.02,4266.65,No
CUST00995,Female,1,11,Yes,DSL,87.29,996.96,Yes
CUST00996,Male,0,66,No,No,99.07,6644.2,No
CUST00997,Female,1,39,Yes,Fiber optic,46.73,1614.73,Yes
CUST00998,Female,0,67,Yes,DSL,80.49,5423.32,No
CUST00999,Female,0,2,Yes,DSL,84.74,153.77,Yes
CUST01000,Male,0,31,No,DSL,49.42,1782.18,No
